CFOP; DESC_CFOP; DT_INI; DT_FIM;MOV_ESTOQUE
1101;Compra para industrialização;1012009;;S
1102;Compra para comercialização;1012009;;S
1111;Compra para industrialização de mercadoria recebida anteriormente em consignação industrial;1012009;;S
1113;Compra para comercialização, de mercadoria recebida anteriormente em consignação mercantil;1012009;;S
1116;Compra para industrialização originada de encomenda para recebimento futuro;1012009;;S
1117;Compra para comercialização originada de encomenda para recebimento futuro;1012009;;S
1118;Compra de mercadoria para comercialização pelo adquirente originário, entregue pelo vendedor remetente ao destinatário, em venda à ordem;1012009;;S
1120;Compra para industrialização, em venda à ordem, já recebida do vendedor remetente;1012009;;S
1121;Compra para comercialização, em venda à ordem, já recebida do vendedor remetente;1012009;;S
1122;Compra para industrialização em que a mercadoria foi remetida pelo fornecedor ao industrializador sem transitar pelo estabelecimento adquirente;1012009;;S
1124;Industrialização efetuada por outra empresa;1012009;;N
1125;Industrialização efetuada por outra empresa quando a mercadoria remetida para utilização no processo de industrialização não transitou pelo estabelecimento adquirente da mercadoria;1012009;;N
1126;Compra para utilização na prestação de serviço;1012009;;S
1128;Compra para utilização na prestação de serviço sujeita ao ISSQN;1012011;;S
1131;Entrada de mercadoria com previsão de posterior ajuste ou fixação de preço, decorrente de operação de ato cooperativo.;1012018;;N
1132;Fixação de preço de produção do estabelecimento produtor, inclusive quando remetidas anteriormente com previsão de posterior ajuste ou fixação de preço, em ato cooperativo, para comercialização;1012018;;N
1135;Fixação de preço de produção do estabelecimento produtor, inclusive quando remetidas anteriormente com previsão de posterior ajuste ou fixação de preço, em ato cooperativo, para industrialização.;1012018;;N
1151;Transferência para industrialização;1012009;;S
1152;Transferência para comercialização;1012009;;S
1153;Transferência de energia elétrica para distribuição;1012009;;N
1154;Transferência para utilização na prestação de serviço;1012009;;N
1159;Entrada decorrente do fornecimento de produto ou mercadoria de ato cooperativo;1092018;;N
1201;Devolução de venda de produção do estabelecimento;1012009;;S
1202;Devolução de venda de mercadoria adquirida ou recebida de terceiros;1012009;31052022;S
1202;Devolução de venda de mercadoria adquirida ou recebida de terceiros, ou qualquer devolução de mercadoria efetuada pelo MEI com exceção das classificadas nos códigos 1.503, 1.504, 1.505 e 1.506;1062022;;S
1203;Devolução de venda de produção do estabelecimento, destinada à Zona Franca de Manaus ou Áreas de Livre Comércio;1012009;;S
1204;Devolução de venda de mercadoria adquirida ou recebida de terceiros, destinada à Zona Franca de Manaus ou Áreas de Livre Comércio;1012009;;S
1205;Anulação de valor relativo à prestação de serviço de comunicação;1012009;;N
1206;Anulação de valor relativo à prestação de serviço de transporte;1012009;;N
1207;Anulação de valor relativo à venda de energia elétrica;1012009;;N
1208;Devolução de produção do estabelecimento, remetida em transferência;1012009;;S
1209;Devolução de mercadoria adquirida ou recebida de terceiros, remetida em transferência;1012009;;S
1212;Devolução de venda no mercado interno de mercadoria industrializada e insumo importado sob o Regime Aduaneiro Especial de Entreposto Industrial sob Controle Informatizado do Sistema Público de Escrituração Digital (Recof-Sped);1042016;;S
1213;Devolução de remessa de produção do estabelecimento com previsão de posterior ajuste ou fixação de preço, em ato cooperativo.;1012018;;S
1214;Devolução de fixação de preço de produção do estabelecimento produtor, de ato cooperativo.;1012018;;S
1215;Devolução de fornecimento de produção do estabelecimento de ato cooperativo;1052019;;S
1216;Devolução de fornecimento de mercadoria adquirida ou recebida de terceiros de ato cooperativo;1052019;;S
1251;Compra de energia elétrica para distribuição ou comercialização;1012009;;S
1252;Compra de energia elétrica por estabelecimento industrial;1012009;;S
1253;Compra de energia elétrica por estabelecimento comercial;1012009;;S
1254;Compra de energia elétrica por estabelecimento prestador de serviço de transporte;1012009;;S
1255;Compra de energia elétrica por estabelecimento prestador de serviço de comunicação;1012009;;S
1256;Compra de energia elétrica por estabelecimento de produtor rural;1012009;;S
1257;Compra de energia elétrica para consumo por demanda contratada;1012009;;S
1301;Aquisição de serviço de comunicação para execução de serviço da mesma natureza;1012009;;N
1302;Aquisição de serviço de comunicação por estabelecimento industrial;1012009;;N
1303;Aquisição de serviço de comunicação por estabelecimento comercial;1012009;;N
1304;Aquisição de serviço de comunicação por estabelecimento de prestador de serviço de transporte;1012009;;N
1305;Aquisição de serviço de comunicação por estabelecimento de geradora ou de distribuidora de energia elétrica;1012009;;N
1306;Aquisição de serviço de comunicação por estabelecimento de produtor rural;1012009;;N
1351;Aquisição de serviço de transporte para execução de serviço da mesma natureza;1012009;;N
1352;Aquisição de serviço de transporte por estabelecimento industrial;1012009;;N
1353;Aquisição de serviço de transporte por estabelecimento comercial;1012009;;N
1354;Aquisição de serviço de transporte por estabelecimento de prestador de serviço de comunicação;1012009;;N
1355;Aquisição de serviço de transporte por estabelecimento de geradora ou de distribuidora de energia elétrica;1012009;;N
1356;Aquisição de serviço de transporte por estabelecimento de produtor rural;1012009;;N
1360;Aquisição de serviço de transporte por contribuinte substituto em relação ao serviço de transporte.;1012009;;N
1401;Compra para industrialização em operação com mercadoria sujeita ao regime de substituição tributária;1012009;;S
1403;Compra para comercialização em operação com mercadoria sujeita ao regime de substituição tributária;1012009;;S
1406;Compra de bem para o ativo imobilizado cuja mercadoria está sujeita ao regime de substituição tributária;1012009;;N
1407;Compra de mercadoria para uso ou consumo cuja mercadoria está sujeita ao regime de substituição tributária;1012009;;S
1408;Transferência para industrialização em operação com mercadoria sujeita ao regime de substituição tributária;1012009;;S
1409;Transferência para comercialização em operação com mercadoria sujeita ao regime de substituição tributária;1012009;;S
1410;Devolução de venda de produção do estabelecimento em operação com produto sujeito ao regime de substituição tributária;1012009;;S
1411;Devolução de venda de mercadoria adquirida ou recebida de terceiros em operação com mercadoria sujeita ao regime de substituição tributária;1012009;;S
1414;Retorno de produção do estabelecimento, remetida para venda fora do estabelecimento em operação com produto sujeito ao regime de substituição tributária;1012009;;N
1415;Retorno de mercadoria adquirida ou recebida de terceiros, remetida para venda fora do estabelecimento em operação com mercadoria sujeita ao regime de substituição tributária;1012009;;N
1451;Entrada de animal - Sistema de Integração e Parceria Rural;1122019;;N
1451;Retorno de animal do estabelecimento produtor;1012009;30112019;N
1452;Entrada de insumo - Sistema de Integração e Parceria Rural;1122019;;N
1452;Retorno de insumo não utilizado na produção;1012009;30112019;N
1453;Retorno do animal ou da produção - Sistema de Integração e Parceria Rural;1122019;;N
1454;Retorno simbólico do animal ou da produção - Sistema de Integração e Parceria Rural;1122019;;N
1455;Retorno de insumo não utilizado na produção - Sistema de Integração e Parceria Rural;1122019;;N
1456;Entrada referente a remuneração do produtor no Sistema de Integração e Parceria Rural;1122019;;N
1501;Entrada de mercadoria recebida com fim específico de exportação;1012009;;N
1503;Entrada decorrente de devolução de produto remetido com fim específico de exportação, de produção do estabelecimento;1012009;;N
1504;Entrada decorrente de devolução de mercadoria remetida com fim específico de exportação, adquirida ou recebida de terceiros;1012009;;N
1505;Entrada decorrente de devolução de mercadorias remetidas para formação de lote de exportação, de produtos industrializados ou produzidos pelo próprio estabelecimento.;1092018;;N
1505;Entrada decorrente de devolução simbólica de mercadorias remetidas para formação de lote de exportação, de produtos industrializados ou produzidos pelo próprio estabelecimento.;1012009;31082018;N
1506;Entrada decorrente de devolução de mercadorias, adquiridas ou recebidas de terceiros, remetidas para formação de lote de exportação;1092018;;N
1506;Entrada decorrente de devolução simbólica de mercadorias, adquiridas ou recebidas de terceiros, remetidas para formação de lote de exportação.;1012009;31082018;N
1551;Compra de bem para o ativo imobilizado;1012009;;N
1552;Transferência de bem do ativo imobilizado;1012009;;N
1553;Devolução de venda de bem do ativo imobilizado;1012009;;S
1554;Retorno de bem do ativo imobilizado remetido para uso fora do estabelecimento;1012009;;N
1555;Entrada de bem do ativo imobilizado de terceiro, remetido para uso no estabelecimento;1012009;;N
1556;Compra de material para uso ou consumo;1012009;;S
1557;Transferência de material para uso ou consumo;1012009;;N
1601;Recebimento, por transferência, de crédito de ICMS;1012009;;N
1602;Recebimento, por transferência, de saldo credor de ICMS de outro estabelecimento da mesma empresa, para compensação de saldo devedor de ICMS;1012009;;N
1603;Ressarcimento de ICMS retido por substituição tributária;1012009;;N
1604;Lançamento do crédito relativo à compra de bem para o ativo imobilizado;1012009;;N
1605;Recebimento, por transferência, de saldo devedor de ICMS de outro estabelecimento da mesma empresa.;1012009;;N
1651;Compra de combustível ou lubrificante para industrialização subseqüente;1012009;;S
1652;Compra de combustível ou lubrificante para comercialização;1012009;;S
1653;Compra de combustível ou lubrificante por consumidor ou usuário final;1012009;;S
1657;Retorno de remessa de combustível ou lubrificante para venda fora do estabelecimento;1022020;;N
1658;Transferência de combustível e lubrificante para industrialização;1012009;;N
1659;Transferência de combustível e lubrificante para comercialização;1012009;;N
1660;Devolução de venda de combustível ou lubrificante destinado à industrialização subseqüente;1012009;;S
1661;Devolução de venda de combustível ou lubrificante destinado à comercialização;1012009;;S
1662;Devolução de venda de combustível ou lubrificante destinado a consumidor ou usuário final;1012009;;S
1663;Entrada de combustível ou lubrificante para armazenagem;1012009;;N
1664;Retorno de combustível ou lubrificante remetido para armazenagem;1012009;;N
1901;Entrada para industrialização por encomenda;1012009;;N
1902;Retorno de mercadoria remetida para industrialização por encomenda;1012009;;N
1903;Entrada de mercadoria remetida para industrialização e não aplicada no referido processo;1012009;;N
1904;Retorno de remessa para venda fora do estabelecimento;1012009;31052022;N
1904;Retorno de remessa para venda fora do estabelecimento, ou qualquer entrada e retorno de remessa efetuada pelo MEI com exceção dos classificados nos códigos 1.202, 1.503, 1.504, 1.505 e 1.506;1062022;;N
1905;Entrada de mercadoria recebida para depósito em depósito fechado ou armazém geral;1012009;;S
1906;Retorno de mercadoria remetida para depósito fechado ou armazém geral;1012009;;S
1907;Retorno simbólico de mercadoria remetida para depósito fechado ou armazém geral;1012009;;N
1908;Entrada de bem por conta de contrato de comodato;1012009;30112019;N
1908;Entrada de bem por conta de contrato de comodato ou locação;1122019;;N
1909;Retorno de bem remetido por conta de contrato de comodato;1012009;30112019;N
1909;Retorno de bem remetido por conta de contrato de comodato ou locação;1122019;;N
1910;Entrada de bonificação, doação ou brinde;1012009;;N
1911;Entrada de amostra grátis;1012009;;N
1912;Entrada de mercadoria ou bem recebido para demonstração;1012009;;N
1913;Retorno de mercadoria ou bem remetido para demonstração;1012009;;N
1914;Retorno de mercadoria ou bem remetido para exposição ou feira;1012009;;N
1915;Entrada de mercadoria ou bem recebido para conserto ou reparo;1012009;;N
1916;Retorno de mercadoria ou bem remetido para conserto ou reparo;1012009;;N
1917;Entrada de mercadoria recebida em consignação mercantil ou industrial;1012009;;N
1918;Devolução de mercadoria remetida em consignação mercantil ou industrial;1012009;;S
1919;Devolução simbólica de mercadoria vendida ou utilizada em processo industrial, remetida anteriormente em consignação mercantil ou industrial;1012009;;S
1920;Entrada de vasilhame ou sacaria;1012009;;N
1921;Retorno de vasilhame ou sacaria;1012009;;N
1922;Lançamento efetuado a título de simples faturamento decorrente de compra para recebimento futuro;1012009;;N
1923;Entrada de mercadoria recebida do vendedor remetente, em venda à ordem;1012009;;N
1924;Entrada para industrialização por conta e ordem do adquirente da mercadoria, quando esta não transitar pelo estabelecimento do adquirente;1012009;;N
1925;Retorno de mercadoria remetida para industrialização por conta e ordem do adquirente da mercadoria, quando esta não transitar pelo estabelecimento do adquirente;1012009;;N
1926;Lançamento efetuado a título de reclassificação de mercadoria decorrente de formação de kit ou de sua desagregação;1012009;;N
1931;Lançamento efetuado pelo tomador do serviço de transporte quando a responsabilidade de retenção do imposto for atribuída ao remetente ou alienante da mercadoria, pelo serviço de transporte realizado por transportador autônomo ou por transportador não inscrito na unidade da Federação onde iniciado o serviço. (Ajuste SINIEF 03/04);1012009;;N
1932;Aquisição de serviço de transporte iniciado em unidade da Federação diversa daquela onde inscrito o prestador. (ajuste sinief 03/04);1012009;;N
1933;Aquisição de serviço tributado pelo ISSQN.(ajuste sinief 03/04);1012009;;N
1934;Entrada simbólica de mercadoria recebida para depósito fechado ou armazém geral;1072010;;N
1949;Outra entrada de mercadoria ou prestação de serviço não especificada;1012009;;N
2101;Compra para industrialização;1012009;;S
2102;Compra para comercialização;1012009;;S
2111;Compra para industrialização de mercadoria recebida anteriormente em consignação industrial;1012009;;S
2113;Compra para comercialização, de mercadoria recebida anteriormente em consignação mercantil;1012009;;S
2116;Compra para industrialização originada de encomenda para recebimento futuro;1012009;;S
2117;Compra para comercialização originada de encomenda para recebimento futuro;1012009;;S
2118;Compra de mercadoria para comercialização pelo adquirente originário, entregue pelo vendedor remetente ao destinatário, em venda à ordem;1012009;;S
2120;Compra para industrialização, em venda à ordem, já recebida do vendedor remetente;1012009;;S
2121;Compra para comercialização, em venda à ordem, já recebida do vendedor remetente;1012009;;S
2122;Compra para industrialização em que a mercadoria foi remetida pelo fornecedor ao industrializador sem transitar pelo estabelecimento adquirente;1012009;;S
2124;Industrialização efetuada por outra empresa;1012009;;N
2125;Industrialização efetuada por outra empresa quando a mercadoria remetida para utilização no processo de industrialização não transitou pelo estabelecimento adquirente da mercadoria;1012009;;N
2126;Compra para utilização na prestação de serviço;1012009;;S
2128;Compra para utilização na prestação de serviço sujeita ao ISSQN;1012011;;S
2131;Entrada de mercadoria com previsão de posterior ajuste ou fixação de preço, decorrente de operação de ato cooperativo.;1012018;;N
2132;Fixação de preço de produção do estabelecimento produtor, inclusive quando remetidas anteriormente com previsão de posterior ajuste ou fixação de preço, em ato cooperativo, para comercialização.;1012018;;N
2135;Fixação de preço de produção do estabelecimento produtor, inclusive quando remetidas anteriormente com previsão de posterior ajuste ou fixação de preço, em ato cooperativo, para industrialização.;1012018;;N
2151;Transferência para industrialização;1012009;;S
2152;Transferência para comercialização;1012009;;S
2153;Transferência de energia elétrica para distribuição;1012009;;N
2154;Transferência para utilização na prestação de serviço;1012009;;N
2159;Entrada decorrente do fornecimento de produto ou mercadoria de ato cooperativo;1092018;;N
2201;Devolução de venda de produção do estabelecimento;1012009;;S
2202;Devolução de venda de mercadoria adquirida ou recebida de terceiros;1012009;31052022;S
2202;Devolução de venda de mercadoria adquirida ou recebida de terceiros, ou qualquer devolução de mercadoria efetuada pelo MEI com exceção das classificadas nos códigos 2.503, 2.504, 2.505 e 2.506;1062022;;S
2203;Devolução de venda de produção do estabelecimento, destinada à Zona Franca de Manaus ou Áreas de Livre Comércio;1012009;;S
2204;Devolução de venda de mercadoria adquirida ou recebida de terceiros, destinada à Zona Franca de Manaus ou Áreas de Livre Comércio;1012009;;S
2205;Anulação de valor relativo à prestação de serviço de comunicação;1012009;;N
2206;Anulação de valor relativo à prestação de serviço de transporte;1012009;;N
2207;Anulação de valor relativo à venda de energia elétrica;1012009;;N
2208;Devolução de produção do estabelecimento, remetida em transferência;1012009;;S
2209;Devolução de mercadoria adquirida ou recebida de terceiros, remetida em transferência;1012009;;S
2212;Devolução de venda no mercado interno de mercadoria industrializada e insumo importado sob o Regime Aduaneiro Especial de Entreposto Industrial sob Controle Informatizado do Sistema Público de Escrituração Digital (Recof-Sped);1042016;;S
2213;Devolução de remessa de produção do estabelecimento com previsão de posterior ajuste ou fixação de preço, em ato cooperativo.;1012018;;S
2214;Devolução de fixação de preço de produção do estabelecimento produtor, de ato cooperativo.;1012018;;S
2215;Devolução de fornecimento de produção do estabelecimento de ato cooperativo;1052019;;S
2216;Devolução de fornecimento de mercadoria adquirida ou recebida de terceiros de ato cooperativo;1052019;;S
2251;Compra de energia elétrica para distribuição ou comercialização;1012009;;S
2252;Compra de energia elétrica por estabelecimento industrial;1012009;;S
2253;Compra de energia elétrica por estabelecimento comercial;1012009;;S
2254;Compra de energia elétrica por estabelecimento prestador de serviço de transporte;1012009;;S
2255;Compra de energia elétrica por estabelecimento prestador de serviço de comunicação;1012009;;S
2256;Compra de energia elétrica por estabelecimento de produtor rural;1012009;;S
2257;Compra de energia elétrica para consumo por demanda contratada;1012009;;S
2301;Aquisição de serviço de comunicação para execução de serviço da mesma natureza;1012009;;N
2302;Aquisição de serviço de comunicação por estabelecimento industrial;1012009;;N
2303;Aquisição de serviço de comunicação por estabelecimento comercial;1012009;;N
2304;Aquisição de serviço de comunicação por estabelecimento de prestador de serviço de transporte;1012009;;N
2305;Aquisição de serviço de comunicação por estabelecimento de geradora ou de distribuidora de energia elétrica;1012009;;N
2306;Aquisição de serviço de comunicação por estabelecimento de produtor rural;1012009;;N
2351;Aquisição de serviço de transporte para execução de serviço da mesma natureza;1012009;;N
2352;Aquisição de serviço de transporte por estabelecimento industrial;1012009;;N
2353;Aquisição de serviço de transporte por estabelecimento comercial;1012009;;N
2354;Aquisição de serviço de transporte por estabelecimento de prestador de serviço de comunicação;1012009;;N
2355;Aquisição de serviço de transporte por estabelecimento de geradora ou de distribuidora de energia elétrica;1012009;;N
2356;Aquisição de serviço de transporte por estabelecimento de produtor rural;1012009;;N
2401;Compra para industrialização em operação com mercadoria sujeita ao regime de substituição tributária;1012009;;S
2403;Compra para comercialização em operação com mercadoria sujeita ao regime de substituição tributária;1012009;;S
2406;Compra de bem para o ativo imobilizado cuja mercadoria está sujeita ao regime de substituição tributária;1012009;;N
2407;Compra de mercadoria para uso ou consumo cuja mercadoria está sujeita ao regime de substituição tributária;1012009;;S
2408;Transferência para industrialização em operação com mercadoria sujeita ao regime de substituição tributária;1012009;;S
2409;Transferência para comercialização em operação com mercadoria sujeita ao regime de substituição tributária;1012009;;S
2410;Devolução de venda de produção do estabelecimento em operação com produto sujeito ao regime de substituição tributária;1012009;;S
2411;Devolução de venda de mercadoria adquirida ou recebida de terceiros em operação com mercadoria sujeita ao regime de substituição tributária;1012009;;S
2414;Retorno de produção do estabelecimento, remetida para venda fora do estabelecimento em operação com produto sujeito ao regime de substituição tributária;1012009;;N
2415;Retorno de mercadoria adquirida ou recebida de terceiros, remetida para venda fora do estabelecimento em operação com mercadoria sujeita ao regime de substituição tributária;1012009;;N
2451;Entrada de animal - Sistema de Integração e Parceria Rural;1122019;;N
2452;Entrada de insumo - Sistema de Integração e Parceria Rural;1122019;;N
2453;Retorno do animal ou da produção - Sistema de Integração e Parceria Rural;1122019;;N
2454;Retorno simbólico do animal ou da produção - Sistema de Integração e Parceria Rural;1122019;;N
2455;Retorno de insumo não utilizado na produção - Sistema de Integração e Parceria Rural;1122019;;N
2456;Entrada referente a remuneração do produtor no Sistema de Integração e Parceria Rural;1122019;;N
2501;Entrada de mercadoria recebida com fim específico de exportação;1012009;;N
2503;Entrada decorrente de devolução de produto remetido com fim específico de exportação, de produção do estabelecimento;1012009;;N
2504;Entrada decorrente de devolução de mercadoria remetida com fim específico de exportação, adquirida ou recebida de terceiros;1012009;;N
2505;Entrada decorrente de devolução de mercadorias remetidas para formação de lote de exportação, de produtos industrializados ou produzidos pelo próprio estabelecimento;1092018;;N
2505;Entrada decorrente de devolução simbólica de mercadorias remetidas para formação de lote de exportação, de produtos industrializados ou produzidos pelo próprio estabelecimento.;1012009;31082018;N
2506;Entrada decorrente de devolução de mercadorias, adquiridas ou recebidas de terceiros, remetidas para formação de lote de exportação;1092018;;N
2506;Entrada decorrente de devolução simbólica de mercadorias, adquiridas ou recebidas de terceiros, remetidas para formação de lote de exportação.;1012009;31082018;N
2551;Compra de bem para o ativo imobilizado;1012009;;N
2552;Transferência de bem do ativo imobilizado;1012009;;N
2553;Devolução de venda de bem do ativo imobilizado;1012009;;S
2554;Retorno de bem do ativo imobilizado remetido para uso fora do estabelecimento;1012009;;N
2555;Entrada de bem do ativo imobilizado de terceiro, remetido para uso no estabelecimento;1012009;;N
2556;Compra de material para uso ou consumo;1012009;;S
2557;Transferência de material para uso ou consumo;1012009;;N
2603;Ressarcimento de ICMS retido por substituição tributária;1012009;;N
2651;Compra de combustível ou lubrificante para industrialização subseqüente;1012009;;S
2652;Compra de combustível ou lubrificante para comercialização;1012009;;S
2653;Compra de combustível ou lubrificante por consumidor ou usuário final;1012009;;S
2657;Retorno de remessa de combustível ou lubrificante para venda fora do estabelecimento;1022020;;N
2658;Transferência de combustível e lubrificante para industrialização;1012009;;N
2659;Transferência de combustível e lubrificante para comercialização;1012009;;N
2660;Devolução de venda de combustível ou lubrificante destinado à industrialização subseqüente;1012009;;S
2661;Devolução de venda de combustível ou lubrificante destinado à comercialização;1012009;;S
2662;Devolução de venda de combustível ou lubrificante destinado a consumidor ou usuário final;1012009;;S
2663;Entrada de combustível ou lubrificante para armazenagem;1012009;;N
2664;Retorno de combustível ou lubrificante remetido para armazenagem;1012009;;N
2901;Entrada para industrialização por encomenda;1012009;;N
2902;Retorno de mercadoria remetida para industrialização por encomenda;1012009;;N
2903;Entrada de mercadoria remetida para industrialização e não aplicada no referido processo;1012009;;N
2904;Retorno de remessa para venda fora do estabelecimento;1012009;31052022;N
2904;Retorno de remessa para venda fora do estabelecimento, ou qualquer entrada e retorno de remessa efetuada pelo MEI com exceção dos classificados nos códigos 2.202, 2.503, 2.504, 2.505 e 2.506;1062022;;N
2905;Entrada de mercadoria recebida para depósito em depósito fechado ou armazém geral;1012009;;N
2906;Retorno de mercadoria remetida para depósito fechado ou armazém geral;1012009;;N
2907;Retorno simbólico de mercadoria remetida para depósito fechado ou armazém geral;1012009;;N
2908;Entrada de bem por conta de contrato de comodato;1012009;30112019;N
2908;Entrada de bem por conta de contrato de comodato ou locação;1122019;;N
2909;Retorno de bem remetido por conta de contrato de comodato;1012009;30112019;N
2909;Retorno de bem remetido por conta de contrato de comodato ou locação;1122019;;N
2910;Entrada de bonificação, doação ou brinde;1012009;;N
2911;Entrada de amostra grátis;1012009;;N
2912;Entrada de mercadoria ou bem recebido para demonstração;1012009;;N
2913;Retorno de mercadoria ou bem remetido para demonstração;1012009;;N
2914;Retorno de mercadoria ou bem remetido para exposição ou feira;1012009;;N
2915;Entrada de mercadoria ou bem recebido para conserto ou reparo;1012009;;N
2916;Retorno de mercadoria ou bem remetido para conserto ou reparo;1012009;;N
2917;Entrada de mercadoria recebida em consignação mercantil ou industrial;1012009;;N
2918;Devolução de mercadoria remetida em consignação mercantil ou industrial;1012009;;S
2919;Devolução simbólica de mercadoria vendida ou utilizada em processo industrial, remetida anteriormente em consignação mercantil ou industrial;1012009;;S
2920;Entrada de vasilhame ou sacaria;1012009;;N
2921;Retorno de vasilhame ou sacaria;1012009;;N
2922;Lançamento efetuado a título de simples faturamento decorrente de compra para recebimento futuro;1012009;;N
2923;Entrada de mercadoria recebida do vendedor remetente, em venda à ordem;1012009;;N
2924;Entrada para industrialização por conta e ordem do adquirente da mercadoria, quando esta não transitar pelo estabelecimento do adquirente;1012009;;N
2925;Retorno de mercadoria remetida para industrialização por conta e ordem do adquirente da mercadoria, quando esta não transitar pelo estabelecimento do adquirente;1012009;;N
2931;Lançamento efetuado pelo tomador do serviço de transporte quando a responsabilidade de retenção do imposto for atribuída ao remetente ou alienante da mercadoria, pelo serviço de transporte realizado por transportador autônomo ou por transportador não inscrito na unidade da Federação onde iniciado o serviço. (ajuste sinief 03/04);1012009;;N
2932;Aquisição de serviço de transporte iniciado em unidade da Federação diversa daquela onde inscrito o prestador. (ajuste sinief 03/04);1012009;;N
2933;Aquisição de serviço tributado pelo ISSQN. (ajuste sinief 03/04);1012009;;N
2934;Entrada simbólica de mercadoria recebida para depósito fechado ou armazém geral;1072010;;N
2949;Outra entrada de mercadoria ou prestação de serviço não especificado;1012009;;N
3101;Compra para industrialização;1012009;;S
3102;Compra para comercialização;1012009;;S
3126;Compra para utilização na prestação de serviço;1012009;;S
3127;Compra para industrialização sob o regime de drawback;1012009;;S
3128;Compra para utilização na prestação de serviço sujeita ao ISSQN;1012011;;S
3129;Compra para industrialização sob o Regime Aduaneiro Especial de Entreposto Industrial sob Controle Informatizado do Sistema Público de Escrituração Digital (Recof-Sped);1042016;;S
3201;Devolução de venda de produção do estabelecimento;1012009;;S
3202;Devolução de venda de mercadoria adquirida ou recebida de terceiros;1012009;;S
3205;Anulação de valor relativo à prestação de serviço de comunicação;1012009;;N
3206;Anulação de valor relativo à prestação de serviço de transporte;1012009;;N
3207;Anulação de valor relativo à venda de energia elétrica;1012009;;N
3211;Devolução de venda de produção do estabelecimento sob o regime de drawback;1012009;;S
3212;Devolução de venda no mercado externo de mercadoria industrializada sob o Regime Aduaneiro Especial de Entreposto Industrial sob Controle Informatizado do Sistema Público de Escrituração Digital (Recof-Sped);1042016;;S
3217;"Compra para industrialização sob o regime de ""drawback""";1012009;1102009;S
3251;Compra de energia elétrica para distribuição ou comercialização;1012009;;S
3301;Aquisição de serviço de comunicação para execução de serviço da mesma natureza;1012009;;N
3351;Aquisição de serviço de transporte para execução de serviço da mesma natureza;1012009;;N
3352;Aquisição de serviço de transporte por estabelecimento industrial;1012009;;N
3353;Aquisição de serviço de transporte por estabelecimento comercial;1012009;;N
3354;Aquisição de serviço de transporte por estabelecimento de prestador de serviço de comunicação;1012009;;N
3355;Aquisição de serviço de transporte por estabelecimento de geradora ou de distribuidora de energia elétrica;1012009;;N
3356;Aquisição de serviço de transporte por estabelecimento de produtor rural;1012009;;N
3503;Devolução de mercadoria exportada que tenha sido recebida com fim específico de exportação;1012009;;S
3551;Compra de bem para o ativo imobilizado;1012009;;N
3552;Entrada de produtos destinados ao uso ou consumo de bordo, em embarcações ou aeronaves exclusivamente em tráfego internacional com destino ao exterior;1062021;;N
3553;Devolução de venda de bem do ativo imobilizado;1012009;;S
3556;Compra de material para uso ou consumo;1012009;;S
3651;Compra de combustível ou lubrificante para industrialização subseqüente;1012009;;S
3652;Compra de combustível ou lubrificante para comercialização;1012009;;S
3653;Compra de combustível ou lubrificante por consumidor ou usuário final;1012009;;S
3667;Entrada de combustível ou lubrificante para consumo final, em embarcações ou aeronaves exclusivamente em tráfego internacional com destino ao exterior;1062021;;N
3930;Lançamento efetuado a título de entrada de bem sob amparo de regime especial aduaneiro de admissão temporária;1012009;;N
3949;Outra entrada de mercadoria ou prestação de serviço não especificado;1012009;;N
5101;Venda de produção do estabelecimento;1012009;;S
5102;Venda de mercadoria adquirida ou recebida de terceiros;1012009;31052022;S
5102;Venda de mercadoria adquirida ou recebida de terceiros, ou qualquer venda de mercadoria efetuada pelo MEI com exceção das saídas classificadas nos códigos 5.501, 5.502, 5.504 e 5.505;1062022;;S
5103;Venda de produção do estabelecimento, efetuada fora do estabelecimento;1012009;;S
5104;Venda de mercadoria adquirida ou recebida de terceiros, efetuada fora do estabelecimento;1012009;;S
5105;Venda de produção do estabelecimento que não deva por ele transitar;1012009;;S
5106;Venda de mercadoria adquirida ou recebida de terceiros, que não deva por ele transitar;1012009;;S
5109;Venda de produção do estabelecimento, destinada à Zona Franca de Manaus ou Áreas de Livre Comércio;1012009;;S
5110;Venda de mercadoria adquirida ou recebida de terceiros, destinada à Zona Franca de Manaus ou Áreas de Livre Comércio;1012009;;S
5111;Venda de produção do estabelecimento remetida anteriormente em consignação industrial;1012009;;S
5112;Venda de mercadoria adquirida ou recebida de terceiros remetida anteriormente em consignação industrial;1012009;;S
5113;Venda de produção do estabelecimento remetida anteriormente em consignação mercantil;1012009;;S
5114;Venda de mercadoria adquirida ou recebida de terceiros remetida anteriormente em consignação mercantil;1012009;;S
5115;Venda de mercadoria adquirida ou recebida de terceiros, recebida anteriormente em consignação mercantil;1012009;;S
5116;Venda de produção do estabelecimento originada de encomenda para entrega futura;1012009;;S
5117;Venda de mercadoria adquirida ou recebida de terceiros, originada de encomenda para entrega futura;1012009;;S
5118;Venda de produção do estabelecimento entregue ao destinatário por conta e ordem do adquirente originário, em venda à ordem;1012009;;S
5119;Venda de mercadoria adquirida ou recebida de terceiros entregue ao destinatário por conta e ordem do adquirente originário, em venda à ordem;1012009;;S
5120;Venda de mercadoria adquirida ou recebida de terceiros entregue ao destinatário pelo vendedor remetente, em venda à ordem;1012009;;S
5122;Venda de produção do estabelecimento remetida para industrialização, por conta e ordem do adquirente, sem transitar pelo estabelecimento do adquirente;1012009;;S
5123;Venda de mercadoria adquirida ou recebida de terceiros remetida para industrialização, por conta e ordem do adquirente, sem transitar pelo estabelecimento do adquirente;1012009;;S
5124;Industrialização efetuada para outra empresa;1012009;;N
5125;Industrialização efetuada para outra empresa quando a mercadoria recebida para utilização no processo de industrialização não transitar pelo estabelecimento adquirente da mercadoria;1012009;;N
5129;Venda de insumo importado e de mercadoria industrializada sob o amparo do Regime Aduaneiro Especial de Entreposto Industrial sob Controle Informatizado do Sistema Público de Escrituração Digital (Recof-Sped;1042016;;S
5131;Remessa de produção do estabelecimento, com previsão de posterior ajuste ou fixação de preço, de ato cooperativo.;1012018;;N
5132;Fixação de preço de produção do estabelecimento, inclusive quando remetidas anteriormente com previsão de posterior ajuste ou fixação de preço de ato cooperativo.;1012018;;N
5151;Transferência de produção do estabelecimento;1012009;;S
5152;Transferência de mercadoria adquirida ou recebida de terceiros;1012009;;S
5153;Transferência de energia elétrica;1012009;;N
5155;Transferência de produção do estabelecimento, que não deva por ele transitar;1012009;;S
5156;Transferência de mercadoria adquirida ou recebida de terceiros, que não deva por ele transitar;1012009;;S
5159;Fornecimento de produção do estabelecimento de ato cooperativo;1092018;;N
5160;Fornecimento de mercadoria adquirida ou recebida de terceiros de ato cooperativo;1092018;;N
5201;Devolução de compra para industrialização;1012009;;S
5202;Devolução de compra para comercialização;1012009;31052022;S
5202;Devolução de compra para comercialização, ou qualquer devolução de mercadorias efetuada pelo MEI com exceção das classificadas no código 5.503;1062022;;S
5205;Anulação de valor relativo a aquisição de serviço de comunicação;1012009;;N
5206;Anulação de valor relativo a aquisição de serviço de transporte;1012009;;N
5207;Anulação de valor relativo à compra de energia elétrica;1012009;;N
5208;Devolução de mercadoria recebida em transferência para industrialização;1012009;;S
5209;Devolução de mercadoria recebida em transferência para comercialização;1012009;;S
5210;Devolução de compra para utilização na prestação de serviço;1012009;;S
5213;Devolução de entrada de mercadoria com previsão de posterior ajuste ou fixação de preço, em ato cooperativo.;1012018;;S
5214;Devolução de fixação de preço de produção do estabelecimento produtor, inclusive quando remetidas anteriormente com previsão de posterior ajuste ou fixação de preço, de ato cooperativo, para comercialização.;1012018;;S
5215;Devolução de fixação de preço de produção do estabelecimento produtor, inclusive quando remetidas anteriormente com previsão de posterior ajuste ou fixação de preço, de ato cooperativo, para industrialização.;1012018;;S
5216;Devolução de entrada decorrente do fornecimento de produto ou mercadoria de ato cooperativo;1052019;;S
5251;Venda de energia elétrica para distribuição ou comercialização;1012009;;S
5252;Venda de energia elétrica para estabelecimento industrial;1012009;;S
5253;Venda de energia elétrica para estabelecimento comercial;1012009;;S
5254;Venda de energia elétrica para estabelecimento prestador de serviço de transporte;1012009;;S
5255;Venda de energia elétrica para estabelecimento prestador de serviço de comunicação;1012009;;S
5256;Venda de energia elétrica para estabelecimento de produtor rural;1012009;;S
5257;Venda de energia elétrica para consumo por demanda contratada;1012009;;S
5258;Venda de energia elétrica a não contribuinte;1012009;;S
5301;Prestação de serviço de comunicação para execução de serviço da mesma natureza;1012009;;N
5302;Prestação de serviço de comunicação a estabelecimento industrial;1012009;;N
5303;Prestação de serviço de comunicação a estabelecimento comercial;1012009;;N
5304;Prestação de serviço de comunicação a estabelecimento de prestador de serviço de transporte;1012009;;N
5305;Prestação de serviço de comunicação a estabelecimento de geradora ou de distribuidora de energia elétrica;1012009;;N
5306;Prestação de serviço de comunicação a estabelecimento de produtor rural;1012009;;N
5307;Prestação de serviço de comunicação a não contribuinte;1012009;;N
5351;Prestação de serviço de transporte para execução de serviço da mesma natureza;1012009;;N
5352;Prestação de serviço de transporte a estabelecimento industrial;1012009;;N
5353;Prestação de serviço de transporte a estabelecimento comercial;1012009;;N
5354;Prestação de serviço de transporte a estabelecimento de prestador de serviço de comunicação;1012009;;N
5355;Prestação de serviço de transporte a estabelecimento de geradora ou de distribuidora de energia elétrica;1012009;;N
5356;Prestação de serviço de transporte a estabelecimento de produtor rural;1012009;;N
5357;Prestação de serviço de transporte a não contribuinte;1012009;;N
5359;Prestação de serviço de transporte a contribuinte ou a não contribuinte quando a mercadoria transportada está dispensada de emissão de nota fiscal. (ajuste sinief 03/04);1012009;;N
5360;Prestação de serviço de transporte a contribuinte substituto em relação ao serviço de transporte.;1012009;;N
5401;Venda de produção do estabelecimento em operação com produto sujeito ao regime de substituição tributária, na condição de contribuinte substituto;1012009;;S
5402;Venda de produção do estabelecimento de produto sujeito ao regime de substituição tributária, em operação entre contribuintes substitutos do mesmo produto;1012009;;S
5403;Venda de mercadoria, adquirida ou recebida de terceiros, sujeita ao regime de substituição tributária, na condição de contribuinte-substituto;1012009;;S
5405;Venda de mercadoria, adquirida ou recebida de terceiros, sujeita ao regime de substituição tributária, na condição de contribuinte-substituído;1012009;;S
5408;Transferência de produção do estabelecimento em operação com produto sujeito ao regime de substituição tributária;1012009;;S
5409;Transferência de mercadoria adquirida ou recebida de terceiros em operação com mercadoria sujeita ao regime de substituição tributária;1012009;;S
5410;Devolução de compra para industrialização em operação com mercadoria sujeita ao regime de substituição tributária;1012009;;S
5411;Devolução de compra para comercialização em operação com mercadoria sujeita ao regime de substituição tributária;1012009;;S
5412;Devolução de bem do ativo imobilizado, em operação com mercadoria sujeita ao regime de substituição tributária;1012009;;S
5413;Devolução de mercadoria destinada ao uso ou consumo, em operação com mercadoria sujeita ao regime de substituição tributária.;1012009;;S
5414;Remessa de produção do estabelecimento para venda fora do estabelecimento em operação com produto sujeito ao regime de substituição tributária;1012009;;N
5415;Remessa de mercadoria adquirida ou recebida de terceiros para venda fora do estabelecimento, em operação com mercadoria sujeita ao regime de substituição tributária;1012009;;N
5451;Remessa de animal - Sistema de Integração e Parceria Rural;1122019;;N
5451;Remessa de animal e de insumo para estabelecimento produtor;1012009;30112019;N
5452;Remessa de insumo - Sistema de Integração e Parceria Rural;1122019;;N
5453;Retorno de animal ou da produção - Sistema de Integração e Parceria Rural;1122019;;N
5454;Retorno simbólico de animal ou da produção - Sistema de Integração e Parceria Rural;1122019;;N
5455;Retorno de insumos não utilizados na produção - Sistema de Integração e Parceria Rural;1122019;;N
5456;Saída referente a remuneração do produtor - Sistema de Integração e Parceria Rural;1122019;;N
5501;Remessa de produção do estabelecimento, com fim específico de exportação;1012009;;N
5502;Remessa de mercadoria adquirida ou recebida de terceiros, com fim específico de exportação;1012009;;N
5503;Devolução de mercadoria recebida com fim específico de exportação;1012009;;S
5504;Remessa de mercadorias para formação de lote de exportação, de produtos industrializados ou produzidos pelo próprio estabelecimento.;1012009;;N
5505;Remessa de mercadorias, adquiridas ou recebidas de terceiros, para formação de lote de exportação;1012009;;N
5551;Venda de bem do ativo imobilizado;1012009;;S
5552;Transferência de bem do ativo imobilizado;1012009;;N
5553;Devolução de compra de bem para o ativo imobilizado;1012009;;S
5554;Remessa de bem do ativo imobilizado para uso fora do estabelecimento;1012009;;N
5555;Devolução de bem do ativo imobilizado de terceiro, recebido para uso no estabelecimento;1012009;;S
5556;Devolução de compra de material de uso ou consumo;1012009;;S
5557;Transferência de material de uso ou consumo;1012009;;N
5601;Transferência de crédito de ICMS acumulado;1012009;;N
5602;Transferência de saldo credor de ICMS para outro estabelecimento da mesma empresa, destinado à compensação de saldo devedor de ICMS;1012009;;S
5603;Ressarcimento de ICMS retido por substituição tributária;1012009;;N
5605;Transferência de saldo devedor de ICMS de outro estabelecimento da mesma empresa. (ajuste sinief 03/04);1012009;;S
5606;Utilização de saldo credor de ICMS para extinção por compensação de débitos fiscais.;1012009;;N
5651;Venda de combustível ou lubrificante de produção do estabelecimento destinado à industrialização subseqüente;1012009;;S
5652;Venda de combustível ou lubrificante de produção do estabelecimento destinado à comercialização;1012009;;S
5653;Venda de combustível ou lubrificante de produção do estabelecimento destinado a consumidor ou usuário final;1012009;;S
5654;Venda de combustível ou lubrificante adquirido ou recebido de terceiros destinado à industrialização subseqüente;1012009;;S
5655;Venda de combustível ou lubrificante adquirido ou recebido de terceiros destinado à comercialização;1012009;;S
5656;Venda de combustível ou lubrificante adquirido ou recebido de terceiros destinado a consumidor ou usuário final;1012009;;S
5657;Remessa de combustível ou lubrificante adquirido ou recebido de terceiros para venda fora do estabelecimento;1012009;;N
5658;Transferência de combustível ou lubrificante de produção do estabelecimento;1012009;;N
5659;Transferência de combustível ou lubrificante adquirido ou recebido de terceiro;1012009;;N
5660;Devolução de compra de combustível ou lubrificante adquirido para industrialização subseqüente;1012009;;S
5661;Devolução de compra de combustível ou lubrificante adquirido para comercialização;1012009;;S
5662;Devolução de compra de combustível ou lubrificante adquirido por consumidor ou usuário final;1012009;;S
5663;Remessa para armazenagem de combustível ou lubrificante;1012009;;N
5664;Retorno de combustível ou lubrificante recebido para armazenagem;1012009;;N
5665;Retorno simbólico de combustível ou lubrificante recebido para armazenagem;1012009;;N
5666;Remessa por conta e ordem de terceiros de combustível ou lubrificante recebido para armazenagem;1012009;;N
5667;Venda de combustível ou lubrificante a consumidor ou usuário final estabelecido em outra unidade da Federação;1012009;;S
5901;Remessa para industrialização por encomenda;1012009;;N
5902;Retorno de mercadoria utilizada na industrialização por encomenda;1012009;;N
5903;Retorno de mercadoria recebida para industrialização e não aplicada no referido processo;1012009;;N
5904;Remessa para venda fora do estabelecimento;1012009;31052022;S
5904;Remessa para venda fora do estabelecimento, ou qualquer remessa efetuada pelo MEI com exceção das classificadas nos códigos 5.502 e 5.505;1062022;;S
5905;Remessa para depósito fechado ou armazém geral;1012009;;S
5906;Retorno de mercadoria depositada em depósito fechado ou armazém geral;1012009;;S
5907;Retorno simbólico de mercadoria depositada em depósito fechado ou armazém geral;1012009;;N
5908;Remessa de bem por conta de contrato de comodato;1012009;30112019;N
5908;Remessa de bem por conta de contrato de comodato ou locação;1122019;;N
5909;Retorno de bem recebido por conta de contrato de comodato;1012009;30112019;N
5909;Retorno de bem recebido por conta de contrato de comodato ou locação;;;N
5910;Remessa em bonificação, doação ou brinde;1012009;;N
5911;Remessa de amostra grátis;1012009;;N
5912;Remessa de mercadoria ou bem para demonstração;1012009;;N
5913;Retorno de mercadoria ou bem recebido para demonstração;1012009;;N
5914;Remessa de mercadoria ou bem para exposição ou feira;1012009;;N
5915;Remessa de mercadoria ou bem para conserto ou reparo;1012009;;N
5916;Retorno de mercadoria ou bem recebido para conserto ou reparo;1012009;;N
5917;Remessa de mercadoria em consignação mercantil ou industrial;1012009;;N
5918;Devolução de mercadoria recebida em consignação mercantil ou industrial;1012009;;S
5919;Devolução simbólica de mercadoria vendida ou utilizada em processo industrial, recebida anteriormente em consignação mercantil ou industrial;1012009;;S
5920;Remessa de vasilhame ou sacaria;1012009;;N
5921;Devolução de vasilhame ou sacaria;1012009;;S
5922;Lançamento efetuado a título de simples faturamento decorrente de venda para entrega futura;1012009;;N
5923;Remessa de mercadoria por conta e ordem de terceiros, em venda à ordem;1012009;30062010;N
5923;Remessa de mercadoria por conta e ordem de terceiros, em venda à ordem ou em operações com armazém geral ou depósito fechado;1072010;;N
5924;Remessa para industrialização por conta e ordem do adquirente da mercadoria, quando esta não transitar pelo estabelecimento do adquirente;1012009;;N
5925;Retorno de mercadoria recebida para industrialização por conta e ordem do adquirente da mercadoria, quando aquela não transitar pelo estabelecimento do adquirente;1012009;;N
5926;Lançamento efetuado a título de reclassificação de mercadoria decorrente de formação de kit ou de sua desagregação;1012009;;N
5927;Lançamento efetuado a título de baixa de estoque decorrente de perda, roubo ou deterioração;1012009;;N
5928;Lançamento efetuado a título de baixa de estoque decorrente do encerramento da atividade da empresa;1012009;;N
5929;Lançamento efetuado em decorrência de emissão de documento fiscal relativo a operação ou prestação também acobertada por documento fiscal do varejo;1022020;;N
5929;Lançamento efetuado em decorrência de emissão de documento fiscal relativo a operação ou prestação também registrada em equipamento Emissor de Cupom Fiscal - ECF;1012009;31012020;N
5931;Lançamento efetuado em decorrência da responsabilidade de retenção do imposto por substituição tributária, atribuída ao remetente ou alienante da mercadoria, pelo serviço de transporte realizado por transportador autônomo ou por transportador não inscrito na unidade da Federação onde iniciado o serviço;1012009;;N
5932;Prestação de serviço de transporte iniciada em unidade da Federação diversa daquela onde inscrito o prestador;1012009;;N
5933;Prestação de serviço tributado pelo ISSQN. (ajuste sinief 03/04);1012009;;N
5934;Remessa simbólica de mercadoria depositada em armazém geral ou depósito fechado;1072010;;N
5949;Outra saída de mercadoria ou prestação de serviço não especificado;1012009;;N
6101;Venda de produção do estabelecimento;1012009;;S
6102;Venda de mercadoria adquirida ou recebida de terceiros;1012009;31052022;S
6102;Venda de mercadoria adquirida ou recebida de terceiros, ou qualquer venda de mercadoria efetuada pelo MEI com exceção das saídas classificadas nos códigos 6.501, 6.502, 6.504 e 6.505;1062022;;S
6103;Venda de produção do estabelecimento, efetuada fora do estabelecimento;1012009;;S
6104;Venda de mercadoria adquirida ou recebida de terceiros, efetuada fora do estabelecimento;1012009;;S
6105;Venda de produção do estabelecimento que não deva por ele transitar;1012009;;S
6106;Venda de mercadoria adquirida ou recebida de terceiros, que não deva por ele transitar;1012009;;S
6107;Venda de produção do estabelecimento, destinada a não contribuinte;1012009;;S
6108;Venda de mercadoria adquirida ou recebida de terceiros, destinada a não contribuinte;1012009;;S
6109;Venda de produção do estabelecimento, destinada à Zona Franca de Manaus ou Áreas de Livre Comércio;1012009;;S
6110;Venda de mercadoria adquirida ou recebida de terceiros, destinada à Zona Franca de Manaus ou Áreas de Livre Comércio;1012009;;S
6111;Venda de produção do estabelecimento remetida anteriormente em consignação industrial;1012009;;S
6112;Venda de mercadoria adquirida ou recebida de Terceiros remetida anteriormente em consignação industrial;1012009;;S
6113;Venda de produção do estabelecimento remetida anteriormente em consignação mercantil;1012009;;S
6114;Venda de mercadoria adquirida ou recebida de terceiros remetida anteriormente em consignação mercantil;1012009;;S
6115;Venda de mercadoria adquirida ou recebida de terceiros, recebida anteriormente em consignação mercantil;1012009;;S
6116;Venda de produção do estabelecimento originada de encomenda para entrega futura;1012009;;S
6117;Venda de mercadoria adquirida ou recebida de terceiros, originada de encomenda para entrega futura;1012009;;S
6118;Venda de produção do estabelecimento entregue ao destinatário por conta e ordem do adquirente originário, em venda à ordem;1012009;;S
6119;Venda de mercadoria adquirida ou recebida de terceiros entregue ao destinatário por conta e ordem do adquirente originário, em venda à ordem;1012009;;S
6120;Venda de mercadoria adquirida ou recebida de terceiros entregue ao destinatário pelo vendedor remetente, em venda à ordem;1012009;;S
6122;Venda de produção do estabelecimento remetida para industrialização, por conta e ordem do adquirente, sem transitar pelo estabelecimento do adquirente;1012009;;S
6123;Venda de mercadoria adquirida ou recebida de terceiros remetida para industrialização, por conta e ordem do adquirente, sem transitar pelo estabelecimento do adquirente;1012009;;S
6124;Industrialização efetuada para outra empresa;1012009;;N
6125;Industrialização efetuada para outra empresa quando a mercadoria recebida para utilização no processo de industrialização não transitar pelo estabelecimento adquirente da mercadoria;1012009;;N
6129;Venda de insumo importado e de mercadoria industrializada sob o amparo do Regime Aduaneiro Especial de Entreposto Industrial sob Controle Informatizado do Sistema Público de Escrituração Digital (Recof-Sped);1042016;;S
6131;Remessa de produção de estabelecimento, com previsão de posterior ajuste ou fixação de preço de ato cooperativo.;1012018;;N
6132;Fixação de preço de produção do estabelecimento, inclusive quando remetidas anteriormente com previsão de posterior ajuste ou fixação de preço ou fixação de preço de ato cooperativo.;1012018;;N
6151;Transferência de produção do estabelecimento;1012009;;S
6152;Transferência de mercadoria adquirida ou recebida de terceiros;1012009;;S
6153;Transferência de energia elétrica;1012009;;N
6155;Transferência de produção do estabelecimento, que não deva por ele transitar;1012009;;S
6156;Transferência de mercadoria adquirida ou recebida de terceiros, que não deva por ele transitar;1012009;;S
6159;Fornecimento de produção do estabelecimento de ato cooperativo;1092018;;N
6160;Fornecimento de mercadoria adquirida ou recebida de terceiros de ato cooperativo;1092018;;N
6201;Devolução de compra para industrialização;1012009;;S
6202;Devolução de compra para comercialização;1012009;31052022;S
6202;Devolução de compra para comercialização, ou qualquer devolução de mercadoria efetuada pelo MEI com exceção das classificadas no código 6.503;1062022;;S
6205;Anulação de valor relativo a aquisição de serviço de comunicação;1012009;;N
6206;Anulação de valor relativo a aquisição de serviço de transporte;1012009;;N
6207;Anulação de valor relativo à compra de energia elétrica;1012009;;N
6208;Devolução de mercadoria recebida em transferência para industrialização;1012009;;S
6209;Devolução de mercadoria recebida em transferência para comercialização;1012009;;S
6210;Devolução de compra para utilização na prestação de serviço;1012009;;S
6213;Devolução de entrada de mercadoria com previsão de posterior ajuste ou fixação de preço, em ato cooperativo.;1012018;;S
6214;Devolução de fixação de preço de produção do estabelecimento produtor, inclusive quando remetidas anteriormente com previsão de posterior ajuste ou fixação de preço, de ato cooperativo, para comercialização.;1012018;;S
6215;Devolução de fixação de preço de produção do estabelecimento produtor, inclusive quando remetidas anteriormente com previsão de posterior ajuste ou fixação de preço, de ato cooperativo para industrialização.;1012018;;S
6216;Devolução de entrada decorrente do fornecimento de produto ou mercadoria de ato cooperativo;1052019;;S
6251;Venda de energia elétrica para distribuição ou comercialização;1012009;;S
6252;Venda de energia elétrica para estabelecimento industrial;1012009;;S
6253;Venda de energia elétrica para estabelecimento comercial;1012009;;S
6254;Venda de energia elétrica para estabelecimento prestador de serviço de transporte;1012009;;S
6255;Venda de energia elétrica para estabelecimento prestador de serviço de comunicação;1012009;;S
6256;Venda de energia elétrica para estabelecimento de produtor rural;1012009;;S
6257;Venda de energia elétrica para consumo por demanda contratada;1012009;;S
6258;Venda de energia elétrica a não contribuinte;1012009;;S
6301;Prestação de serviço de comunicação para execução de serviço da mesma natureza;1012009;;N
6302;Prestação de serviço de comunicação a estabelecimento industrial;1012009;;N
6303;Prestação de serviço de comunicação a estabelecimento comercial;1012009;;N
6304;Prestação de serviço de comunicação a estabelecimento de prestador de serviço de transporte;1012009;;N
6305;Prestação de serviço de comunicação a estabelecimento de geradora ou de distribuidora de energia elétrica;1012009;;N
6306;Prestação de serviço de comunicação a estabelecimento de produtor rural;1012009;;N
6307;Prestação de serviço de comunicação a não contribuinte;1012009;;N
6351;Prestação de serviço de transporte para execução de serviço da mesma natureza;1012009;;N
6352;Prestação de serviço de transporte a estabelecimento industrial;1012009;;N
6353;Prestação de serviço de transporte a estabelecimento comercial;1012009;;N
6354;Prestação de serviço de transporte a estabelecimento de prestador de serviço de comunicação;1012009;;N
6355;Prestação de serviço de transporte a estabelecimento de geradora ou de distribuidora de energia elétrica;1012009;;N
6356;Prestação de serviço de transporte a estabelecimento de produtor rural;1012009;;N
6357;Prestação de serviço de transporte a não contribuinte;1012009;;N
6359;Prestação de serviço de transporte a contribuinte ou a não contribuinte quando a mercadoria transportada está dispensada de emissão de nota fiscal. (ajuste sinief 03/04);1012009;;N
6360;Prestação de serviço de transporte a contribuinte substituto em relação ao serviço de transporte;1012009;;N
6401;Venda de produção do estabelecimento em operação com produto sujeito ao regime de substituição tributária, na condição de contribuinte substituto;1012009;;S
6402;Venda de produção do estabelecimento de produto sujeito ao regime de substituição tributária, em operação entre contribuintes substitutos do mesmo produto;1012009;;S
6403;Venda de mercadoria adquirida ou recebida de terceiros em operação com mercadoria sujeita ao regime de substituição tributária, na condição de contribuinte substituto;1012009;;S
6404;Venda de mercadoria sujeita ao regime de substituição tributária, cujo imposto já tenha sido retido anteriormente;1012009;;S
6408;Transferência de produção do estabelecimento em operação com produto sujeito ao regime de substituição tributária;1012009;;S
6409;Transferência de mercadoria adquirida ou recebida de terceiros em operação com mercadoria sujeita ao regime de substituição tributária;1012009;;S
6410;Devolução de compra para industrialização em operação com mercadoria sujeita ao regime de substituição tributária;1012009;;S
6411;Devolução de compra para comercialização em operação com mercadoria sujeita ao regime de substituição tributária;1012009;;S
6412;Devolução de bem do ativo imobilizado, em operação com mercadoria sujeita ao regime de substituição tributária;1012009;;S
6413;Devolução de mercadoria destinada ao uso ou consumo, em operação com mercadoria sujeita ao regime de substituição tributária;1012009;;S
6414;Remessa de produção do estabelecimento para venda fora do estabelecimento em operação com produto sujeito ao regime de substituição tributária;1012009;;N
6415;Remessa de mercadoria adquirida ou recebida de terceiros para venda fora do estabelecimento, em operação com mercadoria sujeita ao regime de substituição tributária;1012009;;N
6451;Remessa de animal - Sistema de Integração e Parceria Rural;1122019;;N
6452;Remessa de insumo - Sistema de Integração e Parceria Rural;1122019;;N
6453;Retorno de animal ou da produção - Sistema de Integração e Parceria Rural;1122019;;N
6454;Retorno simbólico de animal ou da produção - Sistema de Integração e Parceria Rural;1122019;;N
6455;Retorno de insumos não utilizados na produção - Sistema de Integração e Parceria Rural;1122019;;N
6456;Saída referente a remuneração do produtor - Sistema de Integração e Parceria Rural;1122019;;N
6501;Remessa de produção do estabelecimento, com fim específico de exportação;1012009;;N
6502;Remessa de mercadoria adquirida ou recebida de terceiros, com fim específico de exportação;1012009;;N
6503;Devolução de mercadoria recebida com fim específico de exportação;1012009;;S
6504;Remessa de mercadorias para formação de lote de exportação, de produtos industrializados ou produzidos pelo próprio estabelecimento.;1012009;;N
6505;Remessa de mercadorias, adquiridas ou recebidas de terceiros, para formação de lote de exportação;1012009;;N
6551;Venda de bem do ativo imobilizado;1012009;;S
6552;Transferência de bem do ativo imobilizado;1012009;;N
6553;Devolução de compra de bem para o ativo imobilizado;1012009;;S
6554;Remessa de bem do ativo imobilizado para uso fora do estabelecimento;1012009;;N
6555;Devolução de bem do ativo imobilizado de terceiro, recebido para uso no estabelecimento;1012009;;S
6556;Devolução de compra de material de uso ou consumo;1012009;;S
6557;Transferência de material de uso ou consumo;1012009;;N
6603;Ressarcimento de ICMS retido por substituição tributária;1012009;;N
6651;Venda de combustível ou lubrificante de produção do estabelecimento destinado à industrialização subseqüente;1012009;;S
6652;Venda de combustível ou lubrificante de produção do estabelecimento destinado à comercialização;1012009;;S
6653;Venda de combustível ou lubrificante de produção do estabelecimento destinado a consumidor ou usuário final;1012009;;S
6654;Venda de combustível ou lubrificante adquirido ou recebido de terceiros destinado à industrialização subseqüente;1012009;;S
6655;Venda de combustível ou lubrificante adquirido ou recebido de terceiros destinado à comercialização;1012009;;S
6656;Venda de combustível ou lubrificante adquirido ou recebido de terceiros destinado a consumidor ou usuário final;1012009;;S
6657;Remessa de combustível ou lubrificante adquirido ou recebido de terceiros para venda fora do estabelecimento;1012009;;N
6658;Transferência de combustível ou lubrificante de produção do estabelecimento;1012009;;N
6659;Transferência de combustível ou lubrificante adquirido ou recebido de terceiro;1012009;;N
6660;Devolução de compra de combustível ou lubrificante adquirido para industrialização subseqüente;1012009;;S
6661;Devolução de compra de combustível ou lubrificante adquirido para comercialização;1012009;;S
6662;Devolução de compra de combustível ou lubrificante adquirido por consumidor ou usuário final;1012009;;S
6663;Remessa para armazenagem de combustível ou lubrificante;1012009;;N
6664;Retorno de combustível ou lubrificante recebido para armazenagem;1012009;;N
6665;Retorno simbólico de combustível ou lubrificante recebido para armazenagem;1012009;;N
6666;Remessa por conta e ordem de terceiros de combustível ou lubrificante recebido para armazenagem;1012009;;N
6667;Venda de combustível ou lubrificante a consumidor ou usuário final estabelecido em outra unidade da Federação diferente a da que ocorrer o consumo;1012009;;S
6901;Remessa para industrialização por encomenda;1012009;;N
6902;Retorno de mercadoria utilizada na industrialização por encomenda;1012009;;N
6903;Retorno de mercadoria recebida para industrialização e não aplicada no referido processo;1012009;;N
6904;Remessa para venda fora do estabelecimento;1012009;31052022;N
6904;Remessa para venda fora do estabelecimento, ou qualquer remessa efetuada pelo MEI com exceção das classificadas nos códigos 6.502 e 6.505;1062022;;N
6905;Remessa para depósito fechado ou armazém geral;1012009;;N
6906;Retorno de mercadoria depositada em depósito fechado ou armazém geral;1012009;;N
6907;Retorno simbólico de mercadoria depositada em depósito fechado ou armazém geral;1012009;;N
6908;Remessa de bem por conta de contrato de comodato;1012009;30112019;N
6908;Remessa de bem por conta de contrato de comodato ou locação;1122019;;N
6909;Retorno de bem recebido por conta de contrato de comodato;1012009;30112019;N
6909;Retorno de bem recebido por conta de contrato de comodato ou locação;1122019;;N
6910;Remessa em bonificação, doação ou brinde;1012009;;N
6911;Remessa de amostra grátis;1012009;;N
6912;Remessa de mercadoria ou bem para demonstração;1012009;;N
6913;Retorno de mercadoria ou bem recebido para demonstração;1012009;;N
6914;Remessa de mercadoria ou bem para exposição ou feira;1012009;;N
6915;Remessa de mercadoria ou bem para conserto ou reparo;1012009;;N
6916;Retorno de mercadoria ou bem recebido para conserto ou reparo;1012009;;N
6917;Remessa de mercadoria em consignação mercantil ou industrial;1012009;;N
6918;Devolução de mercadoria recebida em consignação mercantil ou industrial;1012009;;S
6919;Devolução simbólica de mercadoria vendida ou utilizada em processo industrial, recebida anteriormente em consignação mercantil ou industrial;1012009;;S
6920;Remessa de vasilhame ou sacaria;1012009;;N
6921;Devolução de vasilhame ou sacaria;1012009;;S
6922;Lançamento efetuado a título de simples faturamento decorrente de venda para entrega futura;1012009;;N
6923;Remessa de mercadoria por conta e ordem de terceiros, em venda à ordem;1012009;30062010;N
6923;Remessa de mercadoria por conta e ordem de terceiros, em venda à ordem ou em operações com armazém geral ou depósito fechado;1072010;;N
6924;Remessa para industrialização por conta e ordem do adquirente da mercadoria, quando esta não transitar pelo estabelecimento do adquirente;1012009;;N
6925;Retorno de mercadoria recebida para industrialização por conta e ordem do adquirente da mercadoria, quando aquela não transitar pelo estabelecimento do adquirente;1012009;;N
6929;Lançamento efetuado em decorrência de emissão de documento fiscal relativo a operação ou prestação também registrada em equipamento Emissor de Cupom Fiscal - ECF;1012009;;N
6931;Lançamento efetuado em decorrência da responsabilidade de retenção do imposto por substituição tributária, atribuída ao remetente ou alienante da mercadoria, pelo serviço de transporte realizado por transportador autônomo ou por transportador não inscrito na unidade da Federação onde iniciado o serviço;1012009;;N
6932;Prestação de serviço de transporte iniciada em unidade da Federação diversa daquela onde inscrito o prestador;1012009;;N
6933;Prestação de serviço tributado pelo ISSQN (ajuste sinief 03/04);1012009;;N
6934;Remessa simbólica de mercadoria depositada em armazém geral ou depósito fechado;1072010;;N
6949;Outra saída de mercadoria ou prestação de serviço não especificado;1012009;;N
7101;Venda de produção do estabelecimento;1012009;;S
7102;Venda de mercadoria adquirida ou recebida de terceiros;1012009;;S
7105;Venda de produção do estabelecimento, que não deva por ele transitar;1012009;;S
7106;Venda de mercadoria adquirida ou recebida de terceiros, que não deva por ele transitar;1012009;;S
7127;Venda de produção do estabelecimento sob o regime de drawback;1012009;;S
7129;Venda de produção do estabelecimento ao mercado externo de mercadoria industrializada sob o amparo do Regime Aduaneiro Especial de Entreposto Industrial sob Controle Informatizado do Sistema Público de Escrituração Digital (Recof-Sped);1042016;;S
7201;Devolução de compra para industrialização;1012009;;S
7202;Devolução de compra para comercialização;1012009;;S
7205;Anulação de valor relativo à aquisição de serviço de comunicação;1012009;;N
7206;Anulação de valor relativo a aquisição de serviço de transporte;1012009;;N
7207;Anulação de valor relativo à compra de energia elétrica;1012009;;N
7210;Devolução de compra para utilização na prestação de serviço;1012009;;S
7211;Devolução de compras para industrialização sob o regime de drawback;1012009;;S
7212;Devolução de compras para industrialização sob o regime de Regime Aduaneiro Especial de Entreposto Industrial sob Controle Informatizado do Sistema Público de Escrituração Digital (Recof-Sped);1042016;;S
7251;Venda de energia elétrica para o exterior;1012009;;S
7301;Prestação de serviço de comunicação para execução de serviço da mesma natureza;1012009;;N
7358;Prestação de serviço de transporte;1012009;;N
7501;Exportação de mercadorias recebidas com fim específico de exportação;1012009;;N
7504;Exportação de mercadoria que foi objeto de formação de lote de exportação;1092018;;N
7551;Venda de bem do ativo imobilizado;1012009;;S
7552;Saída de produtos destinados ao uso ou consumo de bordo, em embarcações ou aeronaves exclusivamente em tráfego internacional com destino ao exterior;1062021;;N
7553;Devolução de compra de bem para o ativo imobilizado;1012009;;S
7556;Devolução de compra de material de uso ou consumo;1012009;;S
7651;Venda de combustível ou lubrificante de produção do estabelecimento destinado à industrialização subseqüente;1012009;;S
7654;Venda de combustível ou lubrificante adquirido ou recebido de terceiros destinado à industrialização subseqüente;1012009;;S
7667;Venda de combustível ou lubrificante a consumidor ou usuário final;1012009;;S
7930;Lançamento efetuado a título de devolução de bem cuja entrada tenha ocorrido sob amparo de regime especial aduaneiro de admissão temporária;1012009;;N
7949;Outra saída de mercadoria ou prestação de serviço não especificado;1012009;;N
